<?xml version="1.0"?>
<info xmlns:xsi= "http://www.w3.org/2001/XMLSchema-instance"
      xsi:noNamespaceSchemaLocation="https://apps.nextcloud.com/schema/apps/info.xsd">
    <id>gluusso</id>
    <name>OpenID Connect SSO by Gluu</name>
    <summary>OpenID Connect SSO by Gluu</summary>
    <description><![CDATA[Use OpenID Connect to login by leveraging the oxd client service demon.]]></description>
    <licence>MIT</licence>
    <author mail="support@gluu.org" homepage="https://gluu.org">Gluu Inc.</author>
    <version>2.4.4</version>
    <namespace>GluuSso</namespace>
    <category>auth</category>
    <category>organization</category>
    <category>social</category>
    <category>tools</category>
    <dependencies>
        <owncloud min-version="9"/>
        <nextcloud min-version="11" max-version="11"/>
    </dependencies>
</info>